Workbook

Sheet Triagem
A1: TRIAGEM DE PRECATÓRIOS — SELEÇÃO PARA PRÉ-DUE-DILIGENCE
A2: Colunas azuis são calculadas por fórmula — não digite nelas. Colunas amarelas (SELECIONAR, Responsável, Observações) são suas. A classificação é uma sugestão do score, não uma decisão: a coluna SELECIONAR é que vale.
A4: ID | B4: Nº Precatório | C4: Processo CNJ | D4: Tribunal | E4: Ente Devedor | F4: Natureza | G4: Beneficiário Principal | H4: Qtd. Benef. | I4: Data-Base | J4: Trânsito em Julgado | K4: Valor Bruto Requisitado | L4: Valor Atualizado | M4: Deságio | N4: Valor Líquido p/ Acordo | O4: Prazo de Adesão | P4: Super-preferência | Q4: Pendências | R4: Riscos | S4: Cobertura Extração | T4: Nota Valor | U4: Nota Maturidade | V4: Nota Preferência | W4: Nota Liquidez | X4: Nota Completude | Y4: SCORE | Z4: Classificação Sugerida | AA4: SELECIONAR p/ Pré-DD | AB4: Responsável | AC4: Observações
A5: 1 | B5: 2025.04839-9 | C5: 0060506-95.2004.8.19.0001 | D5: TJRJ | E5: ESTADO DO RIO DE JANEIRO | F5: ALIMENTÍCIA | G5: ESPÓLIO DE PAULO EDUARDO MERHI MAYA | H5: 3 | I5: 10/03/2022 | J5: 26/08/2010 | K5: 3523707.6 | L5: 4460938.5 | M5: 0.4 | N5: =IF(OR($L5="",$M5=""),"",$L5*(1-$M5)) -> 2676563.1 | O5: 25/08/2025 | P5: NÃO | Q5: 6 | R5: 5 | S5: 1 | T5: =IF($L5="",0,MIN(10,$L5/Parametros!$B$10*10)) -> 8.921877 | U5: =MAX(0,10-IF($J5="",Parametros!$B$14,0)-IF($B5="",Parametros!$B$15,0)-MIN(3,$Q5*Parametros!$B$13)) -> 7 | V5: =MIN(10,IF(ISNUMBER(SEARCH("ALIMENT",$F5)),7,3)+IF($P5="SIM",3,0)) -> 7 | W5: =IF(AND($O5<>"",$M5<>""),MAX(0,10-$M5*10),IF($O5<>"",6,4)) -> 6 | X5: =$S5*10 -> 10 | Y5: =($T5*Parametros!$B$5+$U5*Parametros!$B$6+$V5*Parametros!$B$7+$W5*Parametros!$B$8+$X5*Parametros!$B$9)/10 -> 78.765631 | Z5: =IF($Y5>=Parametros!$B$11,"APROVAR",IF($Y5>=Parametros!$B$12,"REVISAR","DESCARTAR")) -> APROVAR | AA5: PENDENTE

Sheet Parametros
A1: PARAMETROS DE TRIAGEM
A2: Edite apenas as celulas amarelas da coluna B. Todas as notas e o score da aba Triagem sao formulas que apontam para ca — alterar um peso reordena a triagem inteira sem reprocessar nenhum PDF. A soma dos cinco pesos deve dar 100.
A4: Parametro | B4: Valor | C4: O que faz
A5: Peso — Valor do credito | B5: 30 | C5: Quanto o tamanho do credito pesa no score (0 a 100).
A6: Peso — Maturidade documental | B6: 25 | C6: Transito em julgado, precatorio autuado, ausencia de pendencias.
A7: Peso — Preferencia | B7: 15 | C7: Natureza alimenticia e superpreferencia (idoso, doenca grave, PcD).
A8: Peso — Liquidez | B8: 15 | C8: Existencia de janela de acordo direto e tamanho do desagio.
A9: Peso — Completude da extracao | B9: 15 | C9: Cobertura dos campos essenciais no documento lido.
A10: Valor de referencia p/ nota 10 (R$) | B10: 5000000 | C10: Credito neste valor recebe nota 10 na dimensao Valor.
A11: Corte — APROVAR (score >=) | B11: 70 | C11: Score igual ou acima classifica como APROVAR.
A12: Corte — REVISAR (score >=) | B12: 45 | C12: Entre este corte e o de APROVAR classifica como REVISAR.
A13: Penalidade por pendencia documental | B13: 0.5 | C13: Descontado da nota de maturidade, ate o teto de 3 pontos.
A14: Penalidade — sem transito em julgado | B14: 4 | C14: Descontado da nota de maturidade.
A15: Penalidade — sem numero de precatorio | B15: 3 | C15: Descontado da nota de maturidade.
A17: Soma dos pesos (deve ser 100) | B17: =SUM(B5:B9) -> 100 | C17: Se nao fechar 100, o score deixa de ser comparavel entre linhas.

Sheet Beneficiarios
A1: Nº Precatório | B1: Beneficiário | C1: Papel | D1: CPF/CNPJ | E1: OAB | F1: % | G1: Principal (data-base) | H1: Juros (data-base) | I1: Total (data-base) | J1: Valor Atualizado | K1: Deságio | L1: Líquido p/ Acordo | M1: Banco | N1: Agência | O1: Conta
A2: 2025.04839-9 | B2: ESPÓLIO DE PAULO EDUARDO MERHI MAYA | C2: titular | D2: 816.521.437-34 | G2: 1827486.4 | H2: 1640117.5 | I2: 3467603.9 | J2: 3253014.7 | K2: 0.4 | L2: =IF(OR(J2="",K2=""),"",J2*(1-K2)) -> 1951808.8
A3: 2025.04839-9 | B3: RENAN LOUREIRO LABORNE BORGES | C3: advogado — reserva de honorários | D3: 094.464.997-12 | E3: OAB/RJ 145.324 | F3: 0.125 | G3: 232131.75 | H3: 208331.7 | I3: 440463.45 | J3: 603961.89 | K3: 0.4 | L3: =IF(OR(J3="",K3=""),"",J3*(1-K3)) -> 362377.13 | M3: 001 - BCO DO BRASIL S.A. | N3: 3788-5 | O3: 106.595-5
A4: 2025.04839-9 | B4: ALLAN JAMMEL SOARES DA SILVA | C4: advogado — reserva de honorários | D4: 094.321.657-52 | E4: OAB/RJ 160.894 | F4: 0.125 | G4: 232131.75 | H4: 208331.7 | I4: 440463.45 | J4: 603961.89 | K4: 0.4 | L4: =IF(OR(J4="",K4=""),"",J4*(1-K4)) -> 362377.13 | M4: 237 - BCO BRADESCO S.A. | N4: 3199 | O4: 45904-6
B5: TOTAL | G5: =SUM(G2:G4) -> 2291749.9 | H5: =SUM(H2:H4) -> 2056780.9 | I5: =SUM(I2:I4) -> 4348530.8 | J5: =SUM(J2:J4) -> 4460938.5 | L5: =SUM(L2:L4) -> 2676563.1

Sheet Valores
A1: Nº Precatório | B1: Valor Bruto Requisição | C1: Principal Corrigido | D1: Juros | E1: Honorários | F1: Desconto Previdenciário | G1: Descontos/Retenções | H1: Correção Monetária | I1: Observações
A2: 2025.04839-9 | B2: 3523707.6 | C2: 1857054 | D2: 1666653.6 | E2: 880926.9 | F2: 56103.77 | G2: Desconto previdenciário R$ 56.103,77 (Rio Previdência); incide IR; reserva CEJUR/PGE R$ 290.763,86; deságio de acordo direto 40% | H2: Fator 1,35690000 (10/03/2022 a 01/03/2025); fator 1,01053606 (01/03/2025 a 25/07/2025); fator 1,37119638 (10/03/2022 a 25/07/2025). Metodologia PGE: IPCA-E de jun/2009 a nov/2021 e após SELIC | I2: Três demonstrativos de cálculo independentes. Cessões registradas: R$ 880.926,90 em 10/03/2022 (honorários 25%) e R$ 290.763,86 em 01/03/2025 (CEJUR/PGE, 10% sobre excesso de R$ 2.907.638,62). Retificação de 08/05/2025 por Ester Freire da Silva (Mat. T57428) ajustou o total de Allan Jammel de R$ 440.463,46 para R$ 440.463,45.

Sheet Consistencia
A1: Nº Precatório | B1: Checagem | C1: Fórmula conferida | D1: Situação | E1: Diferença (R$) | F1: Observação
A2: 2025.04839-9 | B2: Principal + juros = bruto | C2: 1.857.054,00 + 1.666.653,62 = 3.523.707,62 | D2: OK | E2: 0
A3: 2025.04839-9 | B3: Bruto - previdenciário = cálculo inicial | C3: 3.523.707,62 - 56.103,77 = 3.467.603,85 | D3: OK | E3: 0
A4: 2025.04839-9 | B4: Honorários 25% = cessão de 10/03/2022 | C4: 3.523.707,62 x 25% = 880.926,90 | D4: OK | E4: 0
A5: 2025.04839-9 | B5: Valor após cessão de honorários | C5: 3.467.603,85 - 880.926,90 = 2.586.676,95 | D5: OK | E5: 0
A6: 2025.04839-9 | B6: Valor após cessão CEJUR/PGE | C6: 3.509.861,95 - 290.763,86 = 3.219.098,09 | D6: OK | E6: 0
A7: 2025.04839-9 | B7: Deságio de ESPÓLIO DE PAULO EDUARDO MERHI | C7: valor_atualizado x (1 - deságio) = valor_liquido_acordo | D7: OK | E7: 0
A8: 2025.04839-9 | B8: Deságio de RENAN LOUREIRO LABORNE BORGES | C8: valor_atualizado x (1 - deságio) = valor_liquido_acordo | D8: OK | E8: 0
A9: 2025.04839-9 | B9: Deságio de ALLAN JAMMEL SOARES DA SILVA | C9: valor_atualizado x (1 - deságio) = valor_liquido_acordo | D9: OK | E9: 0
A10: 2025.04839-9 | B10: Soma dos beneficiários = bruto | C10: SOMA(beneficiarios.valor_total) = valor_bruto_requisicao | D10: DIVERGENTE | E10: -56103.75 | F10: diferença = desconto previdenciário; esperado neste tipo de documento

Sheet Riscos_Pendencias
A1: Nº Precatório | B1: Categoria | C1: Item | D1: Tratado?
A2: 2025.04839-9 | B2: Risco | C2: Deságio de 40% no acordo direto representa perda nominal de R$ 1.784.375,40 frente ao valor atualizado | D2: NÃO
A3: 2025.04839-9 | B3: Risco | C3: Beneficiário é espólio em inventário extrajudicial: levantamento depende da regularidade da representação e de alvará ou formal de partilha | D3: NÃO
A4: 2025.04839-9 | B4: Risco | C4: Certidão de 07/03/2025 registra que NÃO foram juntados os documentos do art. 2º do Ato Normativo TJ nº 06/2023 nem o comprovante de regularidade do CPF | D4: NÃO
A5: 2025.04839-9 | B5: Risco | C5: Elegibilidade ao acordo exige ausência de penhora e de compensação tributária — condição não comprovada no dossiê | D5: NÃO
A6: 2025.04839-9 | B6: Risco | C6: Crédito paralelo no mesmo processo (herdeiros de THERESA IDALINA DE SOUZA MARQUES) ainda não requisitado por falta de trânsito em julgado da decisão Id 2176 | D6: NÃO
A7: 2025.04839-9 | B7: Pendência / dúvida | C7: ano_loa não consta em nenhuma página do documento | D7: NÃO
A8: 2025.04839-9 | B8: Pendência / dúvida | C8: Data de nascimento do beneficiário em branco — impede aferir superpreferência por idade | D8: NÃO
A9: 2025.04839-9 | B9: Pendência / dúvida | C9: Divergência de R$ 29.567,64 entre o principal do ofício (R$ 1.857.054,00) e o do demonstrativo (R$ 1.827.486,36), sem memória de rateio explícita | D9: NÃO
A10: 2025.04839-9 | B10: Pendência / dúvida | C10: Dados bancários constam apenas dos dois advogados; não há conta informada para o espólio | D10: NÃO
A11: 2025.04839-9 | B11: Pendência / dúvida | C11: Não há indicação de conta de pagamento do CEJUR/PGE | D11: NÃO
A12: 2025.04839-9 | B12: Pendência / dúvida | C12: Códigos de autenticação não validados junto ao portal do TJRJ | D12: NÃO
... A36: 2025.04839-9 | B36: Conflito de extração | C36: valores.valor_principal — escolhido: R$ 1.857.054,00 | alternativas: {'valor': 'R$ 1.857.054,00', 'paginas': '2-2'} | {'valor': 'R$ 1.827.486,36', 'paginas': '28-28'} | D36: NÃO

Sheet Resumo
A1: RESUMO DA TRIAGEM
A3: Precatórios na base | B3: =COUNTA(Triagem!$C$5:$C$5) -> 1
A4: Classificados APROVAR | B4: =COUNTIF(Triagem!Z5:Z5,"APROVAR") -> 1
A5: Classificados REVISAR | B5: =COUNTIF(Triagem!Z5:Z5,"REVISAR") -> 0
A6: Classificados DESCARTAR | B6: =COUNTIF(Triagem!Z5:Z5,"DESCARTAR") -> 0
A8: Selecionados p/ pré-DD (SIM) | B8: =COUNTIF(Triagem!AA5:AA5,"SIM") -> 0
A9: Recusados (NÃO) | B9: =COUNTIF(Triagem!AA5:AA5,"NÃO") -> 0
A10: Ainda pendentes | B10: =COUNTIF(Triagem!AA5:AA5,"PENDENTE") -> 1
A12: Valor atualizado — carteira total | B12: =SUM(Triagem!L5:L5) -> 4460938.5
A13: Valor líquido — carteira total | B13: =SUM(Triagem!N5:N5) -> 2676563.1
A14: Valor atualizado — selecionados | B14: =SUMIF(Triagem!AA5:AA5,"SIM",Triagem!L5:L5) -> 0
A15: Valor líquido — selecionados | B15: =SUMIF(Triagem!AA5:AA5,"SIM",Triagem!N5:N5) -> 0
A17: Score médio da base | B17: =IFERROR(AVERAGE(Triagem!$Y$5:$Y$5),0) -> 78.765631
A18: Maior score | B18: =IFERROR(MAX(Triagem!$Y$5:$Y$5),0) -> 78.765631

Sheet Dicionario
A1: Campo | B1: Aba | C1: Definição
A2: Valor Bruto Requisitado | B2: Triagem | C2: Valor do ofício requisitório na data-base, antes de atualização.
A3: Valor Atualizado | B3: Triagem | C3: Soma dos valores atualizados de todos os beneficiários na última data de cálculo do documento.
A4: Deságio | B4: Triagem | C4: Percentual de desconto do edital de acordo direto, quando houver.
A5: Valor Líquido p/ Acordo | B5: Triagem | C5: Fórmula: Valor Atualizado × (1 − Deságio).
A6: Cobertura Extração | B6: Triagem | C6: Percentual dos 16 campos essenciais localizados no documento. Abaixo de 70% o registro merece releitura.
A7: Nota Valor | B7: Triagem | C7: MIN(10; Valor Atualizado ÷ valor de referência × 10).
A8: Nota Maturidade | B8: Triagem | C8: Parte de 10 e desconta ausência de trânsito em julgado, ausência de número de precatório e pendências.
A9: Nota Preferência | B9: Triagem | C9: 7 se alimentícia, 3 se comum; +3 com superpreferência.
A10: Nota Liquidez | B10: Triagem | C10: 10 − (deságio × 10) quando há janela de acordo; 6 com edital sem prazo; 4 sem janela.
A11: Nota Completude | B11: Triagem | C11: Cobertura da extração × 10.
A12: SCORE | B12: Triagem | C12: Média das cinco notas ponderada pelos pesos da aba Parâmetros, em escala de 0 a 100.
... A16: Conflito de extração | B16: Riscos_Pendencias | C16: Campo com mais de um valor candidato no documento. Mostra o escolhido e as alternativas.
